﻿BM,HPR
MSCI AC Asia Pac Ex JPN NR USD,0.064308669
MSCI ACWI NR USD,0.098644586
MSCI ACWI Ex USA NR USD,0.116552358
Bloomberg US Agg Bond TR USD,0.007762712
Credit Suisse Leveraged Loan USD,0.029088506
MSCI EM NR USD,0.061777111
MSCI EAFE NR USD,0.147759082
MSCI EAFE Value NR USD,0.149151662
JPM EMBI Global TR USD,0.05797022
ICE BofA US High Yield TR USD,0.042463236
Russell 1000 TR USD,0.08739932
Russell 1000 Value TR USD,0.121949539
Russell 1000 Growth TR USD,0.053672566
Russell 2000 TR USD,0.091086385
Russell 2000 Value TR USD,0.117727153
Russell 2000 Growth TR USD,0.063859837
Russell Mid Cap Growth TR USD,0.079544025
Russell Mid Cap Value TR USD,0.11281012
S&P MidCap 400 TR,0.124664314
NASDAQ Composite TR USD,0.035133263
Russell 2500 TR USD,0.094295266
S&P 500 TR USD,0.09080497
Bloomberg US Treasury US TIPS TR USD,0.00687062
MSCI World NR USD,0.105273424
MSCI USA IMI Extended Real Estate NR USD,0.059068625
Bloomberg US Corporate High Yield TR USD,0.041365679
FTSE Nareit All Equity REITs TR USD,0.048920229
ICE BofA BB-B US HY Constnd TR USD,0.043518519
ICE BofA US HY Constnd TR USD,0.043518519
MSCI ACWI Ex USA Growth NR USD,0.14070142
MSCI ACWI Ex USA Small NR USD,0.131988772
MSCI ACWI Ex USA SMID Growth NR USD,0.138701375
MSCI ACWI Ex USA SMID NR USD,0.137512278
MSCI ACWI Growth NR USD,0.085889394
MSCI EAFE Small Cap NR USD,0.158645361
MSCI World/Information Tech NR USD,0.101639599
Russell 2500 Growth TR USD,0.068004332
Russell 3000 Growth TR USD,0.062706443
Russell Mid Cap TR USD,0.103898949
S&P 500 Equal Weighted TR USD,0.120639374
S&P Composite 1500 Banks TR USD,0.070466641
ICE BofA US 3M Trsy Bill TR USD,0.0038214
Bloomberg US Govt/Credit 1-3 Yr TR USD,0.001638177
