"","docID","Ticker","filename"
"1",1,"EVIBX","1702.pdf"
"2",2,"BREFX","Baron-Real-Estate-Fund-Quarterly-Letter-09.30.22.pdf"
"3",3,"CNWGX","calamos-evolving-world-growth-fund-mutual-fund-quarterly-commentary.pdf"
"4",4,"CVLOX","calamos-global-opportunities-fund-mutual-fund-quarterly-commentary.pdf"
"5",5,"CVTRX","calamos-growth-and-income-fund-mutual-fund-quarterly-commentary.pdf"
"6",6,"CBLSX","cb-large-cap-value-qfc.pdf"
"7",7,"CBMSX","cb-mid-cap-value-qfc.pdf"
"8",8,"SVIIX","ceredex_large_cap_value_equity_fund_commentary_2176.pdf"
"9",9,"SAMVX","ceredex_mid_cap_value_equity_fund_commentary_2175.pdf"
"10",10,"COAVX","COLOVERSEASVAL_COMM.PDF"
"11",11,"SCNSX","common-stock-qfc.pdf"
"12",12,"CIGYX","ConcentratedIntlGrowth_PMCommentary.pdf"
"15",15,"WIPIX","core-plus-bond-qfc.pdf"
"16",16,"NERYX","CorePlusBondFund-Commentary.pdf"
"22",22,"DODGX","dc-us-stock-fund-investment-commentary-2022Q3.pdf"
"23",23,"EVSIX","disciplined-us-core-qfc.pdf"
"24",24,"EKONX","discovery-all-cap-growth-qfc.pdf"
"25",25,"WFCIX","discovery-large-cap-growth-qfc.pdf"
"26",26,"WFEIX","discovery-mid-cap-growth-qfc.pdf"
"27",27,"EGRYX","discovery-small-cap-growth-qfc.pdf"
"28",28,"WFDSX","discovery-smid-cap-growth-qfc.pdf"
"29",29,"RLCAX","DISCVALUE_COMM.PDF"
"30",30,"WEMIX","emerging-growth-qfc.pdf"
"31",31,"EQIIX","emerging-markets-equity-income-qfc.pdf"
"32",32,"EMGNX","emerging-markets-equity-qfc.pdf"
"33",33,"ONIAX","FC-CPB.PDF"
"34",34,"OIEIX","FC-EINC.PDF"
"35",35,"OLGAX","FC-LCG.PDF"
"36",36,"VGRIX","FC-USV.PDF"
"38",38,"GIFIX","GIQTR-GIFAX.pdf"
"44",44,"SGRNX","growth-qfc.pdf"
"45",45,"XX45","ic_mf_advantageportfolio.pdf"
"46",46,"INDEX","ic_mf_coreplusfixedincomeportfolio.pdf"
"47",47,"XX47","ic_mf_discoveryportfolio.pdf"
"48",48,"INDEX","ic_mf_emergingmarketsleadersportfolio.pdf"
"49",49,"XX49","ic_mf_growthportfolio.pdf"
"50",50,"INDEX","ic_mf_highyieldportfolio.pdf"
"51",51,"XX51","ic_mf_insightfund.pdf"
"52",52,"INDEX","ic_mf_internationaladvantageportfolio.pdf"
"53",53,"INDEX","ic_mf_internationalequityportfolio.pdf"
"54",54,"INDEX","ic_mf_shortdurationincomeportfolio.pdf"
"55",55,"WSINX","income-plus-qfc.pdf"
"56",56,"AZNAX","income__growth_fund_commentary_9502.pdf"
"57",57,"ACGYX","Income_PMCommentary.pdf"
"58",58,"LSGSX","InflationProtectedSecuritiesFund-Commentary.pdf"
"60",60,"WFENX","international-equity-qfc.pdf"
"61",61,"VAFAX","Invesco American Franchise Fund commentary.pdf"
"62",62,"CHTRX","Invesco Charter Fund commentary.pdf"
"63",63,"ACSTX","Invesco Comstock Fund commentary.pdf"
"64",64,"XX64","Invesco Core Bond Fund commentary.pdf"
"65",65,"ODMAX","Invesco Developing Markets Fund commentary.pdf"
"66",66,"LCEAX","Invesco Diversified Dividend Fund commentary.pdf"
"67",67,"EMIAX","Invesco Emerging Markets Innovators Fund commentary.pdf"
"68",68,"ASIAX","Invesco EQV Asia Pacific Equity Fund commentary.pdf"
"69",69,"AIECX","Invesco EQV International Equity Fund commentary.pdf"
"70",70,"GLVCX","Invesco Global Focus Fund commentary.pdf"
"71",71,"OPGIX","Invesco Global Opportunities Fund commentary.pdf"
"72",72,"AGREX","Invesco Global Real Estate Fund commentary.pdf"
"73",73,"ASRAX","Invesco Global Real Estate Income Fund commentary.pdf"
"74",74,"OIDAX","Invesco International Diversified Fund commentary.pdf"
"75",75,"OSMCX","Invesco International Small-Mid Company Fund commentary.pdf"
"76",76,"MIGCX","Invesco Main Street Fund commentary.pdf"
"77",77,"OIGAX","Invesco Oppenheimer International Growth Fund commentary.pdf"
"78",78,"IARAX","Invesco Real Estate Fund commentary.pdf"
"79",79,"SMEAX","Invesco Small Cap Equity Fund commentary.pdf"
"80",80,"XX80","Janus+Henderson+Contrarian+Fund.pdf"
"81",81,"XX81","Janus+Henderson+Emerging+Markets+Fund_323.pdf"
"82",82,"XX82","Janus+Henderson+Enterprise+Fund_323.pdf"
"83",83,"XX83","Janus+Henderson+Forty+Fund.pdf"
"84",84,"XX84","Janus+Henderson+Global+Equity+Income+Fund_324.pdf"
"85",85,"XX85","Janus+Henderson+Growth+and+Income+Fund.pdf"
"86",86,"XX86","Janus+Henderson+Mid+Cap+Value+Fund_323.pdf"
"87",87,"XX87","Janus+Henderson+Overseas+Fund.pdf"
"88",88,"XX88","Janus+Henderson+Research+Fund.pdf"
"89",89,"XX89","Janus+Henderson+Small+Cap+Value+Fund_323.pdf"
"90",90,"XX90","Janus+Henderson+Triton+Fund_324.pdf"
"91",91,"XX91","Janus+Henderson+Venture+Fund_323.pdf"
"92",92,"XX92","jpmorgan-short-duration-bond-fund-commentary.pdf"
"93",93,"VMACX","kar_mid_cap_core_fund_commentary_2219.pdf"
"94",94,"PKSAX","kar_small_cap_core_fund_commentary_2020.pdf"
"95",95,"PSGAX","kar_small_cap_growth-fund_commentary_2018.pdf"
"96",96,"PQSAX","kar_small_cap_value-fund_commentary_2019.pdf"
"97",97,"EGOIX","large-cap-core-qfc.pdf"
"98",98,"STNFX","large-cap-growth-qfc.pdf"
"99",99,"NGDLX","Large Cap Growth  Fund - Qrtly  Commentary (US Mutual Fund).pdf"
"101",101,"NSGAX","LIT_DOC_00B3279D.PDF"
"102",102,"LAIAX","LIT_DOC_10E5529C.PDF"
"103",103,"COSIX","LIT_DOC_172A245E.PDF"
"104",104,"ELGAX","lit_doc_1de5dfbc.pdf"
"105",105,"LACAX","LIT_DOC_1EF24FB9.PDF"
"106",106,"CUSOX","LIT_DOC_5AD22C15.PDF"
"107",107,"EEMAX","LIT_DOC_7A406141.PDF"
"108",108,"CSMIX","LIT_DOC_AE9D409C.PDF"
"109",109,"CBSAX","LIT_DOC_E744DA8B.PDF"
"110",110,"LSGBX","Loomis-Sayles-Global-Bond-Fund-Portfolio-Commentary-LSGB03.pdf"
"111",111,"NCRLX","manager_commentary_mf_core_bond.pdf"
"112",112,"NDGIX","manager_commentary_mf_dividend_growth.pdf"
"113",113,"NEMIX","manager_commentary_mf_emerging_markets.pdf"
"114",114,"NBHIX","manager_commentary_mf_equity_income.pdf"
"115",115,"NFALX","manager_commentary_mf_focus.pdf"
"116",116,"NBGIX","manager_commentary_mf_genesis.pdf"
"117",117,"NHILX","manager_commentary_mf_high_income.pdf"
"118",118,"NBIIX","manager_commentary_mf_intl_equity.pdf"
"119",119,"NILIX","manager_commentary_mf_intl_select.pdf"
"120",120,"NINLX","manager_commentary_mf_intrinsic_value.pdf"
"121",121,"NBPIX","manager_commentary_mf_lcv.pdf"
"122",122,"NBRTX","manager_commentary_mf_mciv.pdf"
"123",123,"NBMLX","manager_commentary_mf_mid_cap_growth.pdf"
"124",124,"NBRIX","manager_commentary_mf_real_estate.pdf"
"125",125,"NSHLX","manager_commentary_mf_short_dur.pdf"
"126",126,"NBSMX","manager_commentary_mf_small_cap_growth.pdf"
"127",127,"JHNBX","mf-bond-quarterly-commentary-jhi.pdf"
"128",128,"PZFVX","mf-classic-value-quarterly-commentary-jhi.pdf"
"129",129,"JDIBX","mf-disciplined-value-international-quarterly-commentary-jhi.pdf"
"130",130,"JVMAX","mf-disciplined-value-mid-cap-quarterly-commentary-jhi.pdf"
"131",131,"JVLAX","mf-disciplined-value-quarterly-commentary-jhi.pdf"
"132",132,"JMKAX","mf-emerging-markets-debt-quarterly-commentary-jhi.pdf"
"133",133,"JEMQX","mf-emerging-markets-equity-quarterly-commentary-jhi.pdf"
"134",134,"TAGRX","mf-fundamental-large-cap-core-quarterly-commentary-jhi.pdf"
"135",135,"JHFIX","mf-income-quarterly-commentary-jhi.pdf"
"136",136,"GOIGX","mf-international-growth-quarterly-commentary-jhi.pdf"
"137",137,"FRBAX","mf-regional-bank-quarterly-commentary-jhi.pdf"
"138",138,"USGLX","mf-us-global-leaders-growth-quarterly-commentary-jhi.pdf"
"139",139,"JSGAX","mf-us-growth-quarterly-commentary-jhi.pdf"
"140",140,"PQNAX","nfj_mid-cap_value_fund_commentary_2296.pdf"
"142",142,"EKJYX","premier-large-company-growth-qfc.pdf"
"143",143,"XX143","product-commentary-bw-high-yield-en-us.pdf"
"144",144,"XX144","product-commentary-cbi-aggressive-growth-en-us.pdf"
"145",145,"XX145","product-commentary-cbi-appreciation-en-us.pdf"
"146",146,"XX146","product-commentary-cbi-dividend-strategy-en-us.pdf"
"147",147,"XX147","product-commentary-cbi-intl-growth-en-us.pdf"
"148",148,"XX148","product-commentary-cbi-intl-small-cap-en-us.pdf"
"149",149,"XX149","product-commentary-cbi-intl-value-en-us.pdf"
"150",150,"XX150","product-commentary-cbi-large-cap-value-en-us.pdf"
"151",151,"XX151","product-commentary-cbi-mid-cap-en-us.pdf"
"152",152,"XX152","product-commentary-cbi-mid-cap-growth-en-us.pdf"
"153",153,"XX153","product-commentary-cbi-small-cap-en-us.pdf"
"154",154,"XX154","product-commentary-cbi-small-cap-growth-en-us.pdf"
"155",155,"XX155","product-commentary-wa-core-bond-en-us.pdf"
"156",156,"FINSX","RD_QFR_1281.PDF"
"157",157,"FIMKX","RD_QFR_1290.PDF"
"158",158,"FIADX","RD_QFR_1402.PDF"
"159",159,"FGZMX","RD_QFR_3322.PDF"
"160",160,"FMCCX","RD_QFR_533.PDF"
"161",161,"SAHIX","seix_high_income_fund_commentary_2195.pdf"
"162",162,"AYBAX","seix_high_yield_bond_fund_commentary_2286.pdf"
"163",163,"HYPSX","seix_high_yield_fund_commentary_2194.pdf"
"164",164,"CBPSX","seix_total_return_bond-fund_2187.pdf"
"165",165,"SHGTX","seligman_global_tech_comm.pdf"
"166",166,"SGAAX","sga_global_growth_fund_commentary_2241.pdf"
"167",167,"FMAGX","sh_comm_qfr.000021.RETAIL_pdf.pdf"
"168",168,"FCNTX","sh_comm_qfr.000022.RETAIL_pdf.pdf"
"169",169,"FDVLX","sh_comm_qfr.000039.RETAIL_pdf.pdf"
"170",170,"FOCPX","sh_comm_qfr.000093.RETAIL_pdf.pdf"
"171",171,"FOSFX","sh_comm_qfr.000094.RETAIL_pdf.pdf"
"172",172,"FBIOX","sh_comm_qfr.000142.RETAIL_pdf.pdf"
"173",173,"FRESX","sh_comm_qfr.000303.RETAIL_pdf.pdf"
"174",174,"FIGRX","sh_comm_qfr.000305.RETAIL_pdf.pdf"
"175",175,"FBGRX","sh_comm_qfr.000312.RETAIL_pdf.pdf"
"176",176,"FDIVX","sh_comm_qfr.000325.RETAIL_pdf.pdf"
"177",177,"FISMX","sh_comm_qfr.001135.RETAIL_pdf.pdf"
"178",178,"FLCNX","sh_comm_qfr.002946.RETAIL_pdf.pdf"
"179",179,"FKIDX","sh_comm_qfr.002947.RETAIL_pdf.pdf"
"180",180,"FAPCX","sh_comm_qfr.002953.RETAIL_pdf.pdf"
"181",181,"SSHIX","short-term-bond-plus-qfc.pdf"
"182",182,"WSCGX","small-company-growth-qfc.pdf"
"183",183,"SCVNX","small-company-value-qfc.pdf"
"184",184,"QUAYX","Small Cap Growth_PMCommentary.pdf"
"185",185,"LSSIX","SmallCapGrowthFund-Commentary.pdf"
"186",186,"LSSCX","SmallCapValueFund-Commentary.pdf"
"187",187,"EIVIX","special-large-cap-value-qfc.pdf"
"188",188,"WFMIX","special-mid-cap-value-qfc.pdf"
"189",189,"ESPNX","special-small-cap-value-qfc.pdf"
