﻿BM,Fund
MSCI AC Asia Pac Ex JPN NR USD,AAXJ
MSCI ACWI NR USD,ACWI
MSCI ACWI Ex USA NR USD,ACWX
Bloomberg US Agg Bond TR USD,AGG
Credit Suisse Leveraged Loan USD,BKLN
MSCI EM NR USD,EEM
MSCI EAFE NR USD,EFA
MSCI EAFE Value NR USD,EFV
JPM EMBI Global TR USD,EMB
ICE BofA US High Yield TR USD,HYG
Russell 1000 TR USD,IWB
Russell 1000 Value TR USD,IWD
Russell 1000 Growth TR USD,IWF
Russell 2000 TR USD,IWM
Russell 2000 Value TR USD,IWN
Russell 2000 Growth TR USD,IWO
Russell Mid Cap Growth TR USD,IWP
Russell Mid Cap Value TR USD,IWS
S&P MidCap 400 TR,MDY
NASDAQ Composite TR USD,ONEQ
Russell 2500 TR USD,SMMD
S&P 500 TR USD,SPY
Bloomberg US Treasury US TIPS TR USD,TIP
Bloomberg US Govt/Credit 1-3 Yr TR USD,TNSHX
MSCI World NR USD,URTH
MSCI USA IMI Extended Real Estate NR USD,VNQ
